
{
    "perros": [
        {
            "id": 1,
            "raza":"Bichón boloñés",
            "thumbnail":"https://cdn.royalcanin-weshare-online.io/u_pKHWsBIYfdNSoCOxqf/v1/bd33bl-hub-bolognese-adult-standing?w=320&auto=compress&fm=jpg",
            "imagen":"",
            "descripcion":"Estos perros muy serios son tranquilos, apacibles y muy apegados a sus compañeros humanos",
            "acercade":"<h1>Estos perros tan entrañables</h1>, que tienen una expresión tan seria, son conocidos por su inteligencia, naturaleza observadora y disposición tranquila. La personalidad cómica y naturaleza curiosa los convierten en perros familiares muy queridos. </br> Ya sea acurrucado en casa o paseando, el bichón boloñés es un perro devoto al que lo que más le gusta es estar cerca de la familia humana.",
            "pais":"Italia",
            "tamaño":"Muy pequeño",
            "vida":"12–14 años"
        },
        {
            "id": 2,
            "raza":"Basset Leonado de Bretaña",
            "thumbnail":"https://cdn.royalcanin-weshare-online.io/AiLQxWoBaxEApS7L7Bxa/v1/bd138bl-hub-basset-fauve-de-bretagne-adult-standing?w=320&auto=compress&fm=jpg",
            "imagen":"bd126h.jpg",
            "descripcion":"El Basset Leonado de Bretaña es un perro pequeño y compacto. Animado y rápido, combina una energía extraordinaria con una resistencia excepcional.",
            "acercade":"Además de cazadores apasionados, los perros de esta raza son excelentes compañeros para las personas y son valorados por su sociabilidad, afecto y equilibrio. </br> Les es fácil adaptarse a cualquier juego y cualquier terreno. Durante la caza, son valientes, astutos y obstinados, lo cual es una muy buena receta para la eficiencia.",
            "pais":"Francia",
            "tamaño":"Pequeño",
            "vida":"11–14 años"
        },
        {
            "id": 3,
            "raza":"American Staffordshire terrier",
            "thumbnail":"https://cdn.royalcanin-weshare-online.io/8iLJxWoBaxEApS7L-RuR/v3/bd126bl-hub-american-staffordshire-terrier-adult-standing?w=320&auto=compress&fm=jpg",
            "imagen":"",
            "descripcion":"Los American Staffordshire terriers son excelentes guardianes, debido a su inteligencia y lealtad.",
            "acercade":"El American Staffordshire terrier, fuerte, atlético y valiente, es ideal para entrenamientos de obediencia y agilidad. El American Staffordshire terrier es una raza muy afectuosa y sociable con las personas. Ama pasar el tiempo con su compañero humano. </br> Esta raza es amante de la diversión y ha pasado de ser un antiguo ancestro del pit bull terrier a ser un perro familiar mucho más dócil que se lleva bien con otras mascotas, niños y adultos.",
            "pais":"Estados Unidos",
            "tamaño":"Mediano",
            "vida":"12–14 años"
        }
    ]
}
